<?xml version="1.0" encoding="UTF-8"?>
<!DOCTYPE mapper PUBLIC "-//mybatis.org//DTD Mapper 3.0//EN" "http://mybatis.org/dtd/mybatis-3-mapper.dtd">
<mapper namespace="com.candyore.backend.mapper.RegisterMapper">

    <!-- 通用查询映射结果 -->
    <resultMap id="BaseResultMap" type="com.candyore.backend.entity.Register">
        <id column="rid" property="rid" />
        <result column="name" property="name" />
        <result column="age" property="age" />
        <result column="gender" property="gender" />
        <result column="type" property="type" />
        <result column="info" property="info" />
        <result column="status" property="status" />
    </resultMap>

    <!-- 通用查询结果列 -->
    <sql id="Base_Column_List">
        rid, name, age, gender, type, info, status
    </sql>

    <select id="pageCC" resultType="com.candyore.backend.entity.Register">
        select * from register ${ew.customSqlSegment}
    </select>

</mapper>
