<?xml version="1.0" encoding="UTF-8"?>
<!DOCTYPE mapper PUBLIC "-//mybatis.org//DTD Mapper 3.0//EN" "http://mybatis.org/dtd/mybatis-3-mapper.dtd">
<mapper namespace="com.candyore.backend.mapper.TransferMapper">

    <!-- 通用查询映射结果 -->
    <resultMap id="BaseResultMap" type="com.candyore.backend.entity.Transfer">
        <id column="tid" property="tid" />
        <result column="rid" property="rid" />
        <result column="rid2" property="rid2" />
        <result column="time" property="time" />
        <result column="amount" property="amount" />
    </resultMap>

    <!-- 通用查询结果列 -->
    <sql id="Base_Column_List">
        tid, rid, rid2, time, amount
    </sql>

    <select id="pageCC" resultType="com.candyore.backend.entity.Transfer">
        select * from transfer ${ew.customSqlSegment}
    </select>

</mapper>
